Sat_Kisite,IN_Kisite,Sat_Mombasa_lagoon,IN_Mombasa_lagoon,Sat_Mombasa_Offshore,IN_Mombasa_Offshore,Sat_Mradi,IN_Mradi,Sat_Kuruwitu,IN_Kuruwitu,Sat_Watamu,IN_Watamu,Sat_Bongoyo,IN_Bongoyo,Sat_Changuu,IN_Changuu,Sat_Chumbe,IN_Chumbe,Sat_Mbudya,IN_Mbudya,Sat_Planch_Alinz,IN_Planch_Alinz,Sat_Potato_Patch,IN_Potato_Patch,Sat_Japanese_Garden,IN_Japanese_Garden,Kisite,Mombasa_lagoon,Mombasa_Offshore,Mradi,Kuruwitu,Watamu,Bongoyo,Changuu,Chumbe,Mbudya,Planch_Aliz,Potato_Patch,Japanese_Garden,Days_Index
27.88999938,28.137625,27.82999938,28.479,27.88999938,27.85575,27.92999938,28.659,28.14999937,28.7785,27.77999938,28.75275,28.09999937,28.64225,28.73999936,29.05275,28.53999936,28.41166667,28.41999936,28.605,27.89999938,28.51316667,28.7,29.1981,28.39999937,,0.24762562,0.64900062,-0.03424938,0.72900062,0.62850063,0.97275062,0.54225063,0.31275064,-0.12833269,0.18500064,0.61316729,0.4981,,-90
27.76999938,28.04475,27.79999938,28.736125,28.11999937,28.066625,28.29999937,28.472,28.03999937,28.565125,27.94999938,28.395375,28.25999937,28.723125,28.74999936,28.9935,28.51999936,28.29833333,28.29999937,28.676625,28.02999937,28.67354167,28.75,29.061,29.05999935,,0.27475062,0.93612562,-0.05337437,0.17200063,0.52512563,0.44537562,0.46312563,0.24350064,-0.22166603,0.37662563,0.6435423,0.311,,-89
27.72999938,27.791625,28.10999937,28.30775,28.08999937,27.9175,28.27999937,28.341875,28.18999937,28.4115,27.68999938,28.3365,28.26999937,28.772875,28.79999936,28.9095,28.21999937,28.30541667,28.12999937,28.726375,28.15999937,28.57191667,29.06,29.0568,28.90999935,,0.06162562,0.19775063,-0.17249937,0.06187563,0.22150063,0.64650062,0.50287563,0.10950064,0.0854173,0.59637563,0.4119173,-0.0032,,-88
27.75999938,27.7885,27.85999938,28.435,28.19999937,27.89879167,28.25999937,28.24875,28.07999937,28.481625,27.66999938,28.1105,28.28999937,28.7695,28.42999936,28.797625,28.15999937,28.15666667,28.27999937,28.664,28.65999936,29.03745833,28.1,29.0816,29.13999935,,0.02850062,0.57500062,-0.3012077,-0.01124937,0.40162563,0.44050062,0.47950063,0.36762564,-0.0033327,0.38400063,0.37745897,0.9816,,-87
27.89999938,27.5795,27.84999938,28.394375,28.26999937,27.72816667,27.85999938,28.35125,27.95999938,28.600375,27.17999939,28.03575,28.11999937,28.3075,28.12999937,28.744625,27.94999938,28.100625,28.27999937,28.769625,28.77999936,29.896,29,29.0235,29.25999935,,-0.32049938,0.54437562,-0.5418327,0.49125062,0.64037562,0.85575061,0.18750063,0.61462563,0.15062562,0.48962563,1.11600064,0.0235,,-86
28.00999937,27.742375,27.63999938,28.379,28.14999937,27.732625,28.08999937,28.672875,28.28999937,28.52675,27.33999939,27.8225,28.25999937,27.757875,28.00999937,28.59875,28.09999937,28.10708333,28.30999937,28.6145,28.92999935,28.94691667,28.67,29.007,29.18999935,,-0.26762437,0.73900062,-0.41737437,0.58287563,0.23675063,0.48250061,-0.50212437,0.58875063,0.00708396,0.30450063,0.01691732,0.337,,-85
27.91999938,27.896625,27.82999938,28.578125,27.94999938,27.93908333,28.07999937,28.904125,28.20999937,28.217125,27.28999939,27.53925,28.16999937,27.819625,28.28999937,28.533625,28.05999937,28.09291667,28.14999937,28.171625,28.89999935,29.337875,28.67,29.0984,29.05999935,,-0.02337438,0.74812562,-0.01091605,0.82412563,0.00712563,0.24925061,-0.35037437,0.24362563,0.0329173,0.02162563,0.43787565,0.4284,,-84
28.04999937,28.04775,27.89999938,28.836375,27.40999939,27.884125,28.14999937,28.708875,28.19999937,28.014625,27.22999939,27.271875,28.34999937,28.257875,28.50999936,28.55525,28.11999937,27.95895833,28.29999937,27.708625,28.80999936,29.09683333,28.85,29.0775,29.09999935,,-0.00224937,0.93637562,0.47412561,0.55887563,-0.18537437,0.04187561,-0.09212437,0.04525064,-0.16104104,-0.59137437,0.28683397,0.2275,,-83
27.95999938,27.924375,28.13999937,28.778,27.56999938,27.168875,28.24999937,28.655875,27.80999938,28.111875,27.0499994,26.9285,28.34999937,28.360125,28.67999936,28.570875,27.77999938,28.024375,28.19999937,27.681,28.90999935,29.47775,28.22,29.0321,29.11999935,,-0.03562438,0.63800063,-0.40112438,0.40587563,0.30187562,-0.1214994,0.01012563,-0.10912436,0.24437562,-0.51899937,0.56775065,0.8121,,-82
27.86999938,27.850125,28.26999937,28.588375,27.48999939,27.12833333,28.08999937,28.468375,28.02999937,28.928125,26.8299994,27.0695,28.57999936,28.44375,28.46999936,28.72925,28.01999937,27.92333333,28.35999937,28.097125,28.72999936,29.41270833,28.36,28.9947,29.00999935,,-0.01987438,0.31837563,-0.36166606,0.37837563,0.89812563,0.2395006,-0.13624936,0.25925064,-0.09666604,-0.26287437,0.68270897,0.6347,,-81
28.01999937,27.91525,27.92999938,28.358125,27.51999938,26.89541667,27.89999938,28.252875,28.05999937,29.023625,26.6699994,27.0265,28.45999936,28.663875,28.36999937,28.8535,27.95999938,27.98916667,28.35999937,28.20875,28.88999935,29.01570833,28.14,28.9158,28.63999936,,-0.10474937,0.42812562,-0.62458271,0.35287562,0.96362563,0.3565006,0.20387564,0.48350063,0.02916729,-0.15124937,0.12570898,0.7758,,-80
27.60999938,28.0325,27.85999938,28.276625,27.39999939,26.86570833,27.37999939,28.228375,28.08999937,28.841375,26.7899994,26.94675,28.50999936,28.741875,28.55999936,28.987625,28.11999937,27.80708333,28.55999936,28.453,28.36999937,28.94054167,28.25,28.9406,28.68999936,,0.42250062,0.41662562,-0.53429106,0.84837561,0.75137563,0.1567506,0.23187564,0.42762564,-0.31291604,-0.10699936,0.5705423,0.6906,,-79
27.64999938,27.967875,27.37999939,28.30825,27.24999939,26.66558333,27.52999938,28.00225,28.12999937,28.8005,26.8599994,27.01525,28.68999936,28.940875,28.40999936,28.813125,28.31999937,27.89854167,28.46999936,28.617375,28.12999937,28.71954167,28.39,28.9821,29.01999935,,0.31787562,0.92825061,-0.58441606,0.47225062,0.67050063,0.1552506,0.25087564,0.40312564,-0.4214577,0.14737564,0.5895423,0.5921,,-78
27.47999939,27.7055,27.39999939,27.98075,27.19999939,26.314875,27.45999939,27.46875,27.97999937,28.420375,26.8999994,27.104,28.95999935,29.327375,28.41999936,28.60525,28.39999937,27.98229167,28.52999936,28.6705,28.08999937,28.95054167,28.47,29.036,28.72999936,,0.22550061,0.58075061,-0.88512439,0.00875061,0.44037563,0.2040006,0.36737565,0.18525064,-0.4177077,0.14050064,0.8605423,0.566,,-77
27.26999939,27.659625,27.26999939,27.560625,27.50999939,26.65266667,27.47999939,27.115125,27.82999938,28.193125,27.14999939,27.26625,28.62999936,29.355625,28.38999937,28.66725,28.45999936,28.059375,28.74999936,28.93525,28.04999937,28.94920833,28.9,29.0862,28.64999936,,0.38962561,0.29062561,-0.85733272,-0.36487439,0.36312562,0.11625061,0.72562564,0.27725063,-0.40062436,0.18525064,0.89920896,0.1862,,-76
27.27999939,27.422625,27.09999939,27.1855,27.62999938,27.06633333,27.27999939,27.16775,27.36999939,28.07825,27.09999939,27.62275,28.47999936,29.227375,28.37999937,28.626875,28.39999937,28.101875,29.03999935,29.09675,28.16999937,29.29704167,28.81,29.0486,29.01999935,,0.14262561,0.08550061,-0.56366605,-0.11224939,0.70825061,0.52275061,0.74737564,0.24687563,-0.29812437,0.05675065,1.1270423,0.2386,,-75
27.11999939,27.235,27.34999939,27.333625,27.59999938,27.441,27.13999939,27.121625,27.47999939,27.621375,26.8199994,27.385625,28.28999937,29.111875,28.33999937,28.5025,28.61999936,28.27833333,28.72999936,29.317875,28.19999937,27.71358333,29.12,29.1523,28.55999936,,0.11500061,-0.01637439,-0.15899938,-0.01837439,0.14137561,0.5656256,0.82187563,0.16250063,-0.34166603,0.58787564,-0.48641604,0.0323,,-74
26.9399994,27.023375,27.40999939,27.440875,27.79999938,27.74966667,27.0599994,26.940375,27.40999939,27.1615,26.9999994,27.5795,28.43999936,29.205625,28.10999937,28.3725,28.99999935,28.55333333,28.56999936,29.35875,28.14999937,27.06620833,29.04,29.2109,29.21999935,,0.0833756,0.03087561,-0.05033271,-0.1196244,-0.24849939,0.5795006,0.76562564,0.26250063,-0.44666602,0.78875064,-1.08379104,0.1709,,-73
26.9799994,26.818,27.20999939,27.317875,27.42999939,27.62875,27.36999939,27.05425,27.42999939,26.74125,26.8899994,27.481125,28.60999936,29.134,28.03999937,28.326,28.51999936,28.55333333,28.32999937,29.158875,28.09999937,27.25870833,29.37,29.4353,29.10999935,,-0.1619994,0.10787561,0.19875061,-0.31574939,-0.68874939,0.5911256,0.52400064,0.28600063,0.03333397,0.82887563,-0.84129104,0.0653,,-72
26.9899994,27.014,27.21999939,27.0785,27.41999939,27.12616667,27.48999939,27.5635,27.0199994,26.84375,27.0399994,27.465875,28.95999935,29.1245,27.86999938,28.288875,28.30999937,28.3975,28.45999936,29.055875,27.77999938,28.31129167,28.98,29.2396,28.79999936,,0.0240006,-0.14149939,-0.29383272,0.07350061,-0.1762494,0.4258756,0.16450065,0.41887562,0.08750063,0.59587564,0.53129229,0.2596,,-71
27.46999939,27.17025,27.10999939,28.002125,27.62999938,27.59970833,27.49999939,28.014875,26.9899994,26.9125,27.08999939,27.487125,29.15999935,29.193125,27.94999938,28.366125,27.98999937,28.24166667,28.64999936,28.928125,27.71999938,28.236625,28.98,29.2271,29.42999934,,-0.29974939,0.89212561,-0.03029105,0.51487561,-0.0774994,0.39712561,0.03312565,0.41612562,0.2516673,0.27812564,0.51662562,0.2471,,-70
27.43999939,27.19775,27.14999939,27.810625,27.24999939,27.35491667,27.77999938,28.106625,26.9099994,26.6475,26.8399994,27.352125,28.92999935,29.14,27.99999937,28.419,28.27999937,28.13541667,28.96999935,28.75775,27.33999939,27.639125,29.42,29.1731,28.67999936,,-0.24224939,0.66062561,0.10491728,0.32662562,-0.2624994,0.5121256,0.21000065,0.41900063,-0.1445827,-0.21224935,0.29912561,-0.2469,,-69
27.32999939,27.37,27.46999939,28.122125,27.21999939,26.308375,27.37999939,28.1375,27.15999939,26.987375,26.7699994,27.185875,28.82999936,29.34625,27.97999937,28.387875,28.38999937,28.10041667,29.12999935,28.900875,27.53999938,27.3935,29,29.3228,28.81999936,,0.04000061,0.65212561,-0.91162439,0.75750061,-0.17262439,0.4158756,0.51625064,0.40787563,-0.2895827,-0.22912435,-0.14649938,0.3228,,-68
27.52999938,27.38225,27.24999939,28.33975,27.11999939,25.79004167,27.38999939,27.76725,27.30999939,27.75475,26.21999941,26.726375,28.93999935,29.47125,27.62999938,28.487125,28.81999936,28.32666667,28.95999935,29.041,27.57999938,27.76316667,29.26,29.377,28.55999936,,-0.14774938,1.08975061,-1.32995772,0.37725061,0.44475061,0.50637559,0.53125065,0.85712562,-0.49333269,0.08100065,0.18316729,0.117,,-67
27.55999938,27.63775,26.9499994,27.835,26.8899994,25.96804167,27.57999938,28.006375,27.31999939,27.997375,26.44999941,26.861375,29.23999935,29.43675,27.89999938,28.51825,28.76999936,28.39041667,28.85999935,29.05025,27.85999938,28.36145833,29.11,29.2396,28.75999936,,0.07775062,0.8850006,-0.92195773,0.42637562,0.67737561,0.41137559,0.19675065,0.61825062,-0.37958269,0.19025065,0.50145895,0.1296,,-66
27.50999939,27.659,27.0499994,27.9745,26.7299994,25.81995833,27.21999939,27.92625,27.78999938,28.407875,26.6699994,26.846125,29.37999934,29.627375,27.87999938,28.53975,28.88999935,28.525,28.93999935,29.252625,27.64999938,28.497,29.01,29.194,28.81999936,30.63245455,0.14900061,0.9245006,-0.91004107,0.70625061,0.61787562,0.1761256,0.24737566,0.65975062,-0.36499935,0.31262565,0.84700062,0.184,1.8125,-65
27.56999938,27.542125,26.9899994,27.863875,26.46999941,25.67508333,27.21999939,27.41725,27.35999939,28.351375,26.9199994,26.681,29.20999935,29.9475,28.01999937,28.403375,28.78999936,28.59583333,29.24999935,29.233875,27.42999939,28.89220833,29.18,29.1399,29.22999935,29.650625,-0.02787438,0.8738756,-0.79491608,0.19725061,0.99137561,-0.2389994,0.73750065,0.38337563,-0.19416603,-0.01612435,1.46220894,-0.0401,0.4206,-64
27.42999939,27.493,26.8899994,27.25375,26.52999941,25.83466667,27.15999939,27.186625,27.30999939,27.891,26.47999941,26.711375,29.08999935,29.80275,28.23999937,28.391,28.85999935,28.66666667,29.40999934,29.412375,27.70999938,28.70566667,29.07,29.1732,29.12999935,29.12341667,0.06300061,0.3637506,-0.69533274,0.02662561,0.58100061,0.23137559,0.71275065,0.15100063,-0.19333268,0.00237566,0.99566729,0.1032,-0.0066,-63
27.55999938,27.656625,27.28999939,26.9625,26.7499994,25.78220833,26.9099994,27.13175,27.48999939,28.099,26.6399994,26.70225,28.99999935,29.665125,28.35999937,28.524375,28.98999935,28.61,29.26999935,29.556375,28.21999937,29.63645833,29.17,29.1606,28.83999936,29.156625,0.09662562,-0.32749939,-0.96779107,0.2217506,0.60900061,0.0622506,0.66512565,0.16437563,-0.37999935,0.28637565,1.41645896,-0.0094,0.3166,-62
27.69999938,27.720875,26.9699994,26.8985,27.06999939,25.90870833,26.7299994,26.987125,27.17999939,27.942375,26.56999941,27.25675,29.22999935,29.758875,28.45999936,28.620375,29.05999935,28.66666667,29.13999935,29.455625,28.47999936,29.66325,29,29.09,28.61999936,28.99891667,0.02087562,-0.0714994,-1.16129106,0.2571256,0.76237561,0.68675059,0.52887565,0.16037564,-0.39333268,0.31562565,1.18325064,0.09,0.3789,-61
27.76999938,27.841,26.9899994,26.885875,26.8699994,26.674625,26.45999941,26.6195,27.21999939,27.309,27.0399994,27.719125,29.35999934,30.003625,28.35999937,28.660875,29.00999935,28.83104167,29.02999935,29.565,28.28999937,29.83729167,28.96,29.14,28.82999936,29.04045833,0.07100062,-0.1041244,-0.1953744,0.15950059,0.08900061,0.6791256,0.64362566,0.30087563,-0.17895768,0.53500065,1.5472923,0.18,0.2105,-60
27.72999938,28.087875,26.7699994,26.570375,27.22999939,27.335125,26.50999941,26.775625,27.19999939,27.152,27.0199994,27.779875,29.35999934,30.132625,28.54999936,28.723125,29.18999935,28.695,29.21999935,29.668125,28.25999937,28.951125,28.94,29.1607,28.44999936,29.06120833,0.35787562,-0.1996244,0.10512561,0.26562559,-0.04799939,0.7598756,0.77262566,0.17312564,-0.49499935,0.44812565,0.69112563,0.2207,0.6112,-59
27.71999938,27.961375,26.8399994,26.797,27.34999939,26.99745833,26.7299994,26.812625,26.9299994,27.061375,27.12999939,27.444625,29.34999934,30.195375,29.07999935,28.807,29.01999935,28.75875,29.36999934,29.71825,28.10999937,29.43570833,28.78,29.194,28.43999936,28.94491667,0.24137562,-0.0429994,-0.35254106,0.0826256,0.1313756,0.31462561,0.84537566,-0.27299935,-0.26124935,0.34825066,1.32570896,0.414,0.5049,-58
28.00999937,27.9925,26.7799994,26.889625,27.33999939,27.38345833,27.0499994,26.742125,26.7099994,26.80175,26.9299994,27.789125,28.97999935,29.85275,28.26999937,28.82875,29.04999935,28.94291667,29.37999934,29.6995,28.28999937,28.69125,29.25,29.3813,28.44999936,28.96141667,-0.01749937,0.1096256,0.04345894,-0.3078744,0.0917506,0.8591256,0.87275065,0.55875063,-0.10708268,0.31950066,0.40125063,0.1313,0.5114,-57
28.10999937,27.755,26.8499994,26.7325,27.39999939,27.59970833,26.8199994,27.015125,26.42999941,26.648125,27.10999939,28.029625,28.98999935,29.6995,28.00999937,28.7045,29.29999935,29.15541667,29.37999934,29.853,28.24999937,28.54208333,29.05,29.373,28.36999937,28.89095833,-0.35499937,-0.1174994,0.19970894,0.1951256,0.21812559,0.91962561,0.70950065,0.69450063,-0.14458268,0.47300066,0.29208396,0.323,0.521,-56
28.20999937,27.92425,26.31999941,27.03575,27.38999939,27.453625,27.17999939,27.517875,26.38999941,26.608625,26.9599994,27.865875,29.50999934,29.709,27.96999937,28.425125,29.03999935,28.92875,29.01999935,29.783875,28.15999937,29.0145,29.33,29.4187,28.39999937,29.00295833,-0.28574937,0.71575059,0.06362561,0.33787561,0.21862559,0.9058756,0.19900066,0.45512563,-0.11124935,0.76387565,0.85450063,0.0887,0.603,-55
28.18999937,27.9335,26.54999941,27.44375,27.32999939,26.868875,27.34999939,27.87575,26.6499994,26.507625,26.9199994,27.391875,29.51999934,29.944125,28.22999937,28.347625,29.08999935,28.82958333,29.01999935,29.58675,28.19999937,28.66541667,29.93,29.6825,28.02999937,29.189875,-0.25649937,0.89375059,-0.46112439,0.52575061,-0.1423744,0.4718756,0.42412566,0.11762563,-0.26041602,0.56675065,0.4654173,-0.2475,1.1599,-54
28.00999937,28.137625,26.8299994,27.722125,27.14999939,26.84645833,27.26999939,27.928875,26.9799994,26.49475,26.58999941,27.237875,29.49999934,30.242625,28.30999937,28.41275,29.01999935,28.57458333,29.45999934,29.65875,28.60999936,28.791375,29.1,29.7401,28.60999936,29.17745833,0.12762563,0.8921256,-0.30354106,0.65887561,-0.4852494,0.64787559,0.74262566,0.10275063,-0.44541602,0.19875066,0.18137564,0.6401,0.5675,-53
28.12999937,28.46875,27.24999939,27.7835,27.24999939,27.05075,27.33999939,27.91025,26.6899994,26.675875,26.57999941,27.265625,29.64999934,30.3435,28.73999936,28.47175,28.94999935,28.68791667,29.52999934,29.837625,28.47999936,29.04995833,29.32,29.8699,28.72999936,29.090125,0.33875063,0.53350061,-0.19924939,0.57025061,-0.0141244,0.68562559,0.69350066,-0.26824936,-0.26208268,0.30762566,0.56995897,0.5499,0.3601,-52
28.19999937,28.52175,27.25999939,27.931625,27.08999939,27.480875,27.35999939,27.991,27.10999939,27.700625,26.9499994,27.37625,29.97999933,30.485625,28.64999936,28.5955,29.23999935,28.85083333,29.52999934,30.152125,28.67999936,29.50933333,29.19,29.9616,28.69999936,28.96579167,0.32175063,0.67162561,0.39087561,0.63100061,0.59062561,0.4262506,0.50562567,-0.05449936,-0.38916602,0.62212566,0.82933397,0.7716,0.2658,-51
28.41999936,28.61475,27.21999939,27.9245,27.27999939,27.77091667,27.30999939,27.953875,27.30999939,27.92025,27.40999939,27.801625,29.85999933,30.53275,28.79999936,28.853625,29.39999934,29.12083333,29.64999934,30.25525,28.72999936,29.258875,29.29,29.698,28.76999936,28.98233333,0.19475064,0.70450061,0.49091728,0.64387561,0.61025061,0.39162561,0.67275067,0.05362564,-0.27916601,0.60525066,0.52887564,0.408,0.2123,-50
28.63999936,28.751375,27.10999939,27.919,27.46999939,27.5455,27.15999939,27.861375,27.21999939,27.943875,27.71999938,28.197,29.74999934,30.722375,28.60999936,29.17125,29.71999934,29.42125,29.97999933,30.375375,28.72999936,28.791375,29.83,29.7109,28.57999936,29.04441667,0.11137564,0.80900061,0.07550061,0.70137561,0.72387561,0.47700062,0.97237566,0.56125064,-0.29874934,0.39537567,0.06137564,-0.1191,0.4644,-49
28.62999936,28.804,27.28999939,27.82,27.54999938,27.13791667,27.21999939,27.7965,27.25999939,28.0165,27.65999938,28.62225,29.83999933,30.890375,28.64999936,29.037375,29.64999934,29.411875,29.90999933,30.492125,28.74999936,28.90766667,29.63,29.7483,28.94999935,28.98233333,0.17400064,0.53000061,-0.41208271,0.57650061,0.75650061,0.96225062,1.05037567,0.38737564,-0.23812434,0.58212567,0.15766731,0.1183,0.0323,-48
28.74999936,29.021625,27.23999939,27.980875,27.69999938,27.04491667,27.0599994,27.613625,27.22999939,28.19475,27.49999939,28.96025,29.99999933,30.975875,28.64999936,28.862625,29.61999934,29.58458333,29.79999933,30.60575,28.75999936,29.35766667,29.63,29.8865,28.68999936,28.98233333,0.27162564,0.74087561,-0.65508271,0.5536256,0.96475061,1.46025061,0.97587567,0.21262564,-0.03541601,0.80575067,0.59766731,0.2565,0.2923,-47
28.65999936,29.31175,26.9899994,27.835,27.90999938,27.1065,27.21999939,27.478,27.22999939,28.074375,27.67999938,28.95775,30.15999933,30.8745,28.99999935,28.816375,29.68999934,29.785625,29.92999933,30.517125,28.86999935,29.83408333,29.87,29.8988,28.75999936,29.01125,0.65175064,0.8450006,-0.80349938,0.25800061,0.84437561,1.27775062,0.71450067,-0.18362435,0.09562566,0.58712567,0.96408398,0.0288,0.2513,-46
28.63999936,29.087,26.7899994,27.8475,28.01999937,27.42566667,27.37999939,27.733375,27.12999939,27.591375,27.85999938,29.141625,29.82999933,30.754,28.68999936,29.14,29.88999933,29.95083333,30.08999933,30.46075,28.70999936,30.080375,29.61,29.9784,28.92999935,28.98225,0.44700064,1.0575006,-0.5943327,0.35337561,0.46137561,1.28162562,0.92400067,0.45000064,0.060834,0.37075067,1.37037564,0.3684,0.0523,-45
29.06999935,28.997,26.8799994,27.94925,28.13999937,28.09041667,27.44999939,27.628375,27.13999939,27.473625,28.09999937,29.747875,29.74999934,30.62425,28.91999935,29.243125,30.09999933,29.92166667,30.22999932,30.287375,28.73999936,29.247125,29.17,29.8237,28.43999936,28.99066667,-0.07299935,1.0692506,-0.0495827,0.17837561,0.33362561,1.64787563,0.87425066,0.32312565,-0.17833266,0.05737568,0.50712564,0.6537,0.5507,-44
28.98999935,29.358625,27.15999939,27.68675,28.22999937,28.2185,27.63999938,27.653375,26.9999994,27.393375,28.24999937,30.29475,29.98999933,30.640125,28.90999935,29.33675,30.00999933,29.81229167,29.86999933,30.2465,28.43999936,28.46054167,29.31,29.882,28.65999936,28.969625,0.36862565,0.52675061,-0.01149937,0.01337562,0.3933756,2.04475063,0.65012567,0.42675065,-0.19770766,0.37650067,0.02054231,0.572,0.3096,-43
29.04999935,29.599375,27.54999938,27.825875,28.39999937,27.983375,27.86999938,27.901375,27.0499994,26.922125,28.30999937,30.11475,29.97999933,30.54225,28.97999935,29.4525,30.18999933,30.13333333,29.78999933,30.296375,28.38999937,28.80104167,29.82,29.8069,28.60999936,28.94041667,0.54937565,0.27587562,-0.41662437,0.03137562,-0.1278744,1.80475063,0.56225067,0.47250065,-0.056666,0.50637567,0.4110423,-0.0131,0.3304,-42
29.11999935,29.527,27.83999938,28.03925,28.35999937,27.62841667,28.00999937,28.402875,27.12999939,27.317875,28.27999937,30.451625,29.94999933,30.38775,29.28999935,29.5115,29.98999933,30.19145833,30.06999933,30.359375,28.45999936,29.48379167,29.81,29.9073,28.76999936,28.97383333,0.40700065,0.19925062,-0.7315827,0.39287563,0.18787561,2.17162563,0.43775067,0.22150065,0.201459,0.28937567,1.02379231,0.0973,0.2038,-41
28.95999935,29.564625,27.71999938,28.392125,28.40999936,27.63616667,28.12999937,28.91675,27.20999939,27.32525,28.32999937,30.120375,30.06999933,30.3845,28.91999935,29.1995,29.89999933,30.11125,30.04999933,30.274,28.38999937,28.84883333,30.02,30.0663,28.51999936,28.98208333,0.60462565,0.67212562,-0.77383269,0.78675063,0.11525061,1.79037563,0.31450067,0.27950065,0.21125067,0.22400067,0.45883396,0.0463,0.4621,-40
29.14999935,29.71525,27.50999939,28.736375,28.47999936,27.73570833,28.26999937,28.9165,27.50999939,27.51475,28.60999936,30.483125,30.13999933,30.371875,28.89999935,29.218125,30.23999932,30.03104167,29.95999933,30.27125,28.55999936,29.41304167,29.98,30.1669,28.42999936,29.02358333,0.56525065,1.22637561,-0.74429103,0.64650063,0.00475061,1.87312564,0.23187567,0.31812565,-0.20895765,0.31125067,0.85304231,0.1869,0.5936,-39
29.42999934,29.871875,27.80999938,28.938,28.28999937,28.45283333,28.39999937,28.91675,27.83999938,27.9875,28.59999936,30.843375,30.27999932,30.403375,28.87999935,29.155625,30.19999932,29.75416667,30.09999933,30.243125,28.37999937,29.27966667,30.03,30.1628,28.56999936,28.928125,0.44187566,1.12800062,0.16283396,0.51675063,0.14750062,2.24337564,0.12337568,0.27562565,-0.44583265,0.14312567,0.8996673,0.1328,0.3581,-38
29.58999934,30.11375,28.17999937,28.932625,28.38999937,28.101875,28.36999937,29.07025,27.95999938,29.03175,28.30999937,30.5425,30.54999932,30.514,28.79999936,29.055625,30.28999932,29.96583333,30.19999932,30.416375,28.18999937,28.431,30.28,30.1083,28.23999937,28.87,0.52375066,0.75262563,-0.28812437,0.70025063,1.07175062,2.23250063,-0.03599932,0.25562564,-0.32416599,0.21637568,0.24100063,-0.1717,0.63,-37
29.50999934,30.145,28.16999937,29.24825,28.61999936,27.97904167,28.40999936,29.551375,28.11999937,29.000875,28.39999937,30.78075,30.32999932,30.498,29.30999934,29.183625,30.28999932,30.07479167,30.31999932,30.492,28.34999937,28.87895833,30.87,30.2594,28.59999936,28.8245,0.63500066,1.07825063,-0.64095769,1.14137564,0.88087563,2.38075063,0.16800068,-0.12637434,-0.21520765,0.17200068,0.52895896,-0.6106,0.2245,-36
29.37999934,30.23975,28.26999937,29.35475,28.47999936,28.54729167,28.47999936,29.579375,28.22999937,29.072125,28.27999937,30.025625,29.86999933,30.538875,29.32999934,29.411875,30.15999933,30.00916667,30.54999932,30.4195,27.99999937,29.26458333,30.66,30.373,28.16999937,28.89904167,0.85975066,1.08475063,0.06729231,1.09937564,0.84212563,1.74562563,0.66887567,0.08187566,-0.15083266,-0.13049932,1.26458396,-0.287,0.729,-35
29.34999934,30.198875,28.20999937,29.4415,28.64999936,28.96295833,28.24999937,29.482625,28.32999937,29.17025,28.87999935,30.386,29.90999933,30.49475,29.57999934,29.531,30.16999933,30.20625,30.33999932,30.476375,27.97999937,29.53558333,30.71,30.478,28.47999936,28.79125,0.84887566,1.23150063,0.31295897,1.23262563,0.84025063,1.50600065,0.58475067,-0.04899934,0.03625067,0.13637568,1.55558396,-0.232,0.3113,-34
29.49999934,30.242625,28.23999937,29.59175,28.69999936,29.20029167,28.38999937,29.637125,28.32999937,29.404875,29.02999935,30.679625,30.13999933,30.450875,29.64999934,29.90325,30.63999932,30.28645833,29.86999933,30.479375,27.95999938,29.586375,30.76,30.5117,28.58999936,28.717,0.74262566,1.35175063,0.50029231,1.24712563,1.07487563,1.64962565,0.31087567,0.25325066,-0.35354099,0.60937567,1.62637562,-0.2483,0.127,-33
29.70999934,30.30575,28.40999936,29.61025,28.63999936,29.39504167,28.59999936,29.766,28.30999937,29.78225,29.29999935,30.65375,30.03999933,30.31175,29.43999934,30.054,30.57999932,30.38104167,29.92999933,30.438375,28.07999937,28.526125,30.56,30.5075,28.70999936,28.5845,0.59575066,1.20025064,0.75504231,1.16600064,1.47225063,1.35375065,0.27175067,0.61400066,-0.19895765,0.50837567,0.44612563,-0.0525,-0.1255,-32
29.96999933,30.390625,28.51999936,29.753625,28.98999935,29.63895833,28.48999936,30.191125,28.44999936,30.070375,29.00999935,30.641375,30.00999933,30.031875,29.54999934,30.19875,29.94999933,30.41020833,30.16999933,30.387875,28.88999935,28.848,29.84,30.4654,28.36999937,28.66720833,0.42062567,1.23362564,0.64895898,1.70112564,1.62037564,1.63137565,0.02187567,0.64875066,0.460209,0.21787567,-0.04199935,0.6254,0.2972,-31
29.78999933,30.47,28.33999937,29.917,29.05999935,29.79133333,28.64999936,30.023125,28.24999937,29.619875,28.85999935,30.65325,29.81999933,29.787,29.74999934,30.347,30.08999933,30.33729167,30.05999933,30.220625,28.82999936,29.93658333,29.5,30.3939,28.13999937,28.67129167,0.68000067,1.57700063,0.73133398,1.37312564,1.36987563,1.79325065,-0.03299933,0.59700066,0.24729234,0.16062567,1.10658397,0.8939,0.5313,-30
29.69999934,30.5705,28.33999937,29.916875,29.12999935,29.87291667,28.68999936,29.844625,28.35999937,29.483625,29.07999935,30.761125,30.09999933,29.733875,30.07999933,30.558875,30.29999932,30.33,30.01999933,29.8625,28.83999936,29.26720833,29.83,30.4107,28.45999936,28.654625,0.87050066,1.57687563,0.74291732,1.15462564,1.12362563,1.68112565,-0.36612433,0.47887567,0.03000068,-0.15749933,0.42720897,0.5807,0.1946,-29
29.64999934,30.31225,28.44999936,30.196875,29.19999935,29.86258333,28.59999936,29.834875,28.53999936,29.8985,29.33999934,30.954375,30.19999932,29.9,29.90999933,30.776375,30.12999933,30.09666667,29.81999933,29.664875,28.81999936,29.96591667,29.93,30.4107,28.52999936,28.80370833,0.66225066,1.74687564,0.66258398,1.23487564,1.35850064,1.61437566,-0.29999932,0.86637567,-0.03333266,-0.15512433,1.14591731,0.4807,0.2737,-28
29.84999933,29.938125,28.29999937,30.080375,29.26999935,29.83545833,28.97999935,30.25775,28.42999936,29.671,29.48999934,31.103375,30.35999932,30.104125,30.15999933,30.83325,30.01999933,30.07520833,30.06999933,29.62125,28.92999935,29.96608333,30.24,30.478,28.07999937,28.85775,0.08812567,1.78037563,0.56545898,1.27775065,1.24100064,1.61337566,-0.25587432,0.67325067,0.055209,-0.44874933,1.03608398,0.238,0.7778,-27
29.98999933,29.79025,28.66999936,30.304125,29.20999935,30.0425,29.02999935,30.47575,28.57999936,29.169875,29.61999934,31.3225,29.82999933,30.0725,30.00999933,30.8205,29.84999933,29.7325,30.16999933,29.743375,28.99999935,29.61329167,30.14,30.5665,28.82999936,28.874,-0.19974933,1.63412564,0.83250065,1.44575065,0.58987564,1.70250066,0.24250067,0.81050067,-0.11749933,-0.42662433,0.61329232,0.4265,0.044,-26
30.11999933,29.671625,28.85999935,30.40775,29.33999934,29.77829167,29.12999935,30.319,28.61999936,29.605,29.22999935,31.536625,29.60999934,29.90625,30.03999933,30.918625,30.15999933,29.58104167,30.33999932,29.959625,28.76999936,29.23170833,30.32,30.4612,28.26999937,28.82433333,-0.44837433,1.54775065,0.43829233,1.18900065,0.98500064,2.30662565,0.29625066,0.87862567,-0.57895766,-0.38037432,0.46170897,0.1412,0.5543,-25
29.74999934,29.465375,29.11999935,30.426125,29.45999934,29.67204167,29.19999935,30.3825,28.50999936,29.500875,28.99999935,31.361,29.60999934,29.621125,30.39999932,30.716125,30.31999932,29.61515152,29.82999933,30.000375,28.68999936,29.50483333,30.23,30.5623,28.94999935,28.953,-0.28462434,1.30612565,0.21204233,1.18250065,0.99087564,2.36100065,0.01112566,0.31612568,-0.7048478,0.17037567,0.81483397,0.3323,0.003,-24
29.38999934,29.3185,29.04999935,30.52475,29.51999934,29.57829167,29.23999935,30.33825,28.90999935,30.003,29.07999935,30.87775,29.38999934,29.405375,30.27999932,30.659125,,,29.59999934,29.853125,28.64999936,29.61395833,30.15,30.5329,28.54999936,28.97366667,-0.07149934,1.47475065,0.05829233,1.09825065,1.09300065,1.79775065,0.01537566,0.37912568,,0.25312566,0.96395897,0.3829,0.4237,-23
29.15999935,29.224625,29.20999935,30.61575,29.39999934,29.52295833,29.18999935,30.395875,29.01999935,30.52025,29.43999934,30.359375,29.43999934,29.324125,30.35999932,30.690875,,,29.60999934,29.596,29.05999935,30.592625,29.94,30.5959,28.68999936,28.957125,0.06462565,1.40575065,0.12295899,1.20587565,1.50025065,0.91937566,-0.11587434,0.33087568,,-0.01399934,1.53262565,0.6559,0.2671,-22
29.27999935,29.312375,29.44999934,30.669625,29.24999935,29.34454167,29.33999934,30.611,29.11999935,30.717,29.68999934,30.152375,29.22999935,29.4025,30.27999932,30.598875,,,29.37999934,29.243125,29.14999935,30.391125,30.09,30.415,28.90999935,28.886625,0.03237565,1.21962566,0.09454232,1.27100066,1.59700065,0.46237566,0.17250065,0.31887568,,-0.13687434,1.24112565,0.325,-0.0234,-21
29.28999935,29.402875,29.49999934,30.517375,29.27999935,29.370625,29.46999934,30.681875,29.14999935,30.721375,29.66999934,30.114375,29.21999935,29.3555,30.12999933,30.52325,,,29.42999934,29.2305,29.38999934,30.38583333,30.21,30.331,28.03999937,28.82491667,0.11287565,1.01737566,0.09062565,1.21187566,1.57137565,0.44437566,0.13550065,0.39325067,,-0.19949934,0.99583399,0.121,0.7849,-20
29.25999935,29.481125,29.64999934,30.615625,29.53999934,29.396875,29.56999934,30.737625,29.18999935,30.478875,29.59999934,29.84775,29.21999935,28.90675,29.93999933,30.558125,,,29.23999935,29.367875,29.49999934,30.53166667,30.14,30.205,28.78999936,28.83679167,0.22112565,0.96562566,-0.14312434,1.16762566,1.28887565,0.24775066,-0.31324935,0.61812567,,0.12787565,1.03166733,0.065,0.0468,-19
29.15999935,29.700375,29.78999933,30.839875,29.75999933,29.73966667,29.37999934,30.79575,29.15999935,30.50575,29.21999935,29.8575,28.94999935,28.60825,30.47999932,30.67825,,,29.22999935,29.271,29.28999935,30.18133333,30.5,30.3476,28.34999937,28.81620833,0.54037565,1.04987567,-0.02033266,1.41575066,1.34575065,0.63750065,-0.34174935,0.19825068,,0.04100065,0.89133398,-0.1524,0.4662,-18
29.42999934,29.527,29.40999934,30.846375,29.87999933,29.09504167,29.18999935,30.799875,29.35999934,30.702375,29.04999935,30.058375,28.65999936,28.698125,30.39999932,30.81725,,,29.23999935,28.85975,29.36999934,28.92883333,30.23,30.167,28.45999936,28.73766667,0.09700066,1.43637566,-0.78495766,1.60987565,1.34237566,1.00837565,0.03812564,0.41725068,,-0.38024935,-0.44116601,-0.063,0.2777,-17
29.35999934,29.7655,29.19999935,30.91625,29.52999934,28.61483333,29.23999935,30.27225,29.44999934,30.692375,29.49999934,30.18025,28.69999936,28.835,29.71999934,30.70025,,,28.95999935,28.695125,29.06999935,29.14670833,31.17,30.0245,28.70999936,28.86183333,0.40550066,1.71625065,-0.91516601,1.03225065,1.24237566,0.68025066,0.13500064,0.98025066,,-0.26487435,0.07670898,-1.1455,0.1518,-16
29.81999933,29.724625,29.66999934,30.340625,29.17999935,28.85641667,29.49999934,30.080125,29.62999934,30.561875,29.44999934,30.259875,29.04999935,28.822375,29.90999933,30.776,,,28.66999936,28.692,28.92999935,28.417125,30.62,30.1418,28.35999937,28.84529167,-0.09537433,0.67062566,-0.32358268,0.58012566,0.93187566,0.80987566,-0.22762435,0.86600067,,0.02200064,-0.51287435,-0.4782,0.4853,-15
29.52999934,29.840375,29.71999934,30.227,29.09999935,28.76408333,29.70999934,29.922875,29.30999934,30.91975,28.94999935,30.391625,28.95999935,28.95625,30.19999932,30.7255,,,28.69999936,28.744625,28.98999935,29.02033333,30.85,30.3437,28.42999936,28.94458333,0.31037566,0.50700066,-0.33591602,0.21287566,1.60975066,1.44162565,-0.00374935,0.52550068,,0.04462564,0.03033398,-0.5063,0.5146,-14
29.83999933,29.787,30.00999933,30.21475,29.44999934,28.63575,29.82999933,29.887625,29.05999935,30.71325,28.48999936,30.558375,29.03999935,28.94375,30.04999933,30.438125,,,29.02999935,28.88475,29.20999935,30.10908333,30.71,30.4612,28.18999937,28.87829167,-0.05299933,0.20475067,-0.81424934,0.05762567,1.65325065,2.06837564,-0.09624935,0.38812567,,-0.14524935,0.89908398,-0.2488,0.6883,-13
29.90999933,29.809125,29.95999933,30.183375,29.44999934,28.79370833,29.48999934,29.45925,29.10999935,29.94475,29.20999935,30.37225,29.11999935,29.14,29.96999933,30.27425,,,28.93999935,28.97175,29.29999935,30.29641667,30.12,30.272,28.52999936,28.93229167,-0.10087433,0.22337567,-0.65629101,-0.03074934,0.83475065,1.16225065,0.02000065,0.30425067,,0.03175065,0.99641732,0.152,0.4023,-12
30.19999932,29.96575,29.85999933,29.493625,29.08999935,29.08525,29.14999935,29.45325,29.39999934,30.078125,29.34999934,30.507625,29.26999935,29.346125,29.83999933,30.013,,,29.01999935,28.9875,29.46999934,29.90775,30.23,30.4783,28.22999937,28.973625,-0.23424932,-0.36637433,-0.00474935,0.30325065,0.67812566,1.15762566,0.07612565,0.17300067,,-0.03249935,0.43775066,0.2483,0.7436,-11
29.75999933,29.906375,29.60999934,29.34025,28.69999936,28.85220833,29.11999935,29.6285,29.61999934,29.632125,29.31999934,30.542625,29.16999935,29.461625,30.04999933,29.9125,,,29.05999935,28.984375,29.11999935,30.41345833,30.45,30.9173,28.11999937,28.94466667,0.14637567,-0.26974934,0.15220897,0.50850065,0.01212566,1.22262566,0.29162565,-0.13749933,,-0.07562435,1.29345898,0.4673,0.8247,-10
29.63999934,30.02575,29.47999934,29.430875,29.22999935,29.054125,29.45999934,29.443125,29.74999934,29.715875,29.27999935,30.71,29.28999935,29.36775,30.19999932,29.9375,,,29.20999935,29.090125,29.43999934,30.71316667,30.35,30.8957,28.82999936,28.99445833,0.38575066,-0.04912434,-0.17587435,-0.01687434,-0.03412434,1.43000065,0.07775065,-0.26249932,,-0.11987435,1.27316733,0.5457,0.1645,-9
29.77999933,29.777875,29.69999934,29.284,29.26999935,28.82175,29.44999934,29.56575,29.44999934,29.4785,29.84999933,30.85925,29.27999935,29.2555,30.43999932,29.991125,,,29.13999935,29.239875,29.43999934,30.749625,30.25,30.6719,28.68999936,28.977875,-0.00212433,-0.41599934,-0.44824935,0.11575066,0.02850066,1.00925067,-0.02449935,-0.44887432,,0.09987565,1.30962566,0.4219,0.2879,-8
29.54999934,29.6935,29.60999934,29.452875,29.47999934,28.92058333,29.05999935,29.649875,29.09999935,29.5685,30.14999933,30.782625,29.00999935,28.881375,29.87999933,30.0255,,,29.26999935,29.317875,29.30999934,29.90045833,30.34,30.6972,28.89999935,29.15241667,0.14350066,-0.15712434,-0.55941601,0.58987565,0.46850065,0.63262567,-0.12862435,0.14550067,,0.04787565,0.59045899,0.3572,0.2524,-7
29.35999934,29.533875,29.33999934,29.92325,29.37999934,29.36216667,28.65999936,29.92025,29.10999935,30.004375,30.37999932,30.929875,28.92999935,28.53375,29.60999934,29.931125,,,29.26999935,29.2305,28.99999935,29.91016667,30.01,30.7096,28.69999936,29.00279167,0.17387566,0.58325066,-0.01783267,1.26025064,0.89437565,0.54987568,-0.39624935,0.32112566,,-0.03949935,0.91016732,0.6996,0.3028,-6
29.60999934,29.465,28.93999935,29.9325,29.70999934,29.75566667,29.21999935,29.994375,29.50999934,29.902875,30.01999933,31.109375,29.01999935,28.462875,29.69999934,29.574375,,,29.01999935,28.853625,28.76999936,28.90058333,30.04,30.7182,29.04999935,29.0775,-0.14499934,0.99250065,0.04566733,0.77437565,0.39287566,1.08937567,-0.55712435,-0.12562434,,-0.16637435,0.13058397,0.6782,0.0275,-5
29.34999934,29.417875,29.47999934,30.002125,30.03999933,29.81975,29.26999935,30.078375,29.41999934,29.809875,29.82999933,30.577875,29.02999935,28.77275,29.43999934,29.62425,,,28.92999935,28.68275,28.51999936,29.35820833,29.99,30.7393,28.81999936,29.14825,0.06787566,0.52212566,-0.22024933,0.80837565,0.38987566,0.74787567,-0.25724935,0.18425066,,-0.24724935,0.83820897,0.7493,0.3283,-4
29.01999935,29.06225,29.47999934,29.926,30.27999932,29.96491667,29.47999934,30.09875,29.00999935,29.97025,29.80999933,30.262125,29.02999935,29.040375,29.41999934,29.508375,,,29.00999935,28.944125,28.53999936,29.25329167,30.38,30.7267,28.84999936,29.07354167,0.04225065,0.44600066,-0.31508265,0.61875066,0.96025065,0.45212567,0.01037565,0.08837566,,-0.06587435,0.71329231,0.3467,0.2235,-3
28.89999935,29.041,29.28999935,29.813,29.93999933,29.89075,29.39999934,30.218625,28.55999936,30.0365,29.63999934,30.259375,29.16999935,29.2525,29.37999934,29.374375,,,29.00999935,28.99975,28.95999935,29.40045833,30.31,30.7984,29.26999935,29.10679167,0.14100065,0.52300065,-0.04924933,0.81862566,1.47650064,0.61937566,0.08250065,-0.00562434,,-0.01024935,0.44045898,0.4884,-0.1632,-2
29.39999934,29.165125,29.32999934,30.12325,29.61999934,30.10683333,29.69999934,29.884625,29.15999935,29.741125,29.46999934,30.2055,29.14999935,29.499,29.23999935,29.161875,,,29.02999935,29.105875,28.83999936,29.26,30.37,30.7521,29.00999935,29.16495833,-0.23487434,0.79325066,0.48683399,0.18462566,0.58112565,0.73550066,0.34900065,-0.07812435,,0.07587565,0.42000064,0.3821,0.155,-1
29.13999935,29.146625,29.84999933,29.8345,29.57999934,30.01729167,30.01999933,29.938625,29.25999935,29.59925,29.51999934,30.022625,,,29.25999935,28.984,,,29.16999935,29.24925,28.58999936,29.55645833,30.52,30.7181,29.12999935,29.16495833,0.00662565,-0.01549933,0.43729233,-0.08137433,0.33925065,0.50262566,,-0.27599935,,0.07925065,0.96645897,0.1981,0.035,0